judg_2019_1,spacy,1,the Penal Code,"{'start': 132, 'end': 146, 'label': 'LAW'}"
judg_2019_1,spacy,1,"the Child Care, Protection and Justice Act","{'start': 347, 'end': 389, 'label': 'LAW'}"
judg_2019_1,er_pm,1, Penal Code,"{'start': 135, 'end': 146, 'label': 'LAWNAME'}"
judg_2019_1,er_pm,2, Criminal Procedure and Evidence Code,"{'start': 354, 'end': 391, 'label': 'LAWNAME'}"
judg_2019_10,spacy,1,section 42(2,"{'start': 50, 'end': 62, 'label': 'LAW'}"
judg_2019_10,spacy,1,the Constitution of the Republic of Malawi,"{'start': 78, 'end': 120, 'label': 'LAW'}"
judg_2019_10,spacy,1,section 25,"{'start': 128, 'end': 138, 'label': 'LAW'}"
judg_2019_10,spacy,1,the Courts Act,"{'start': 149, 'end': 163, 'label': 'LAW'}"
judg_2019_10,spacy,1,section 360,"{'start': 175, 'end': 186, 'label': 'LAW'}"
judg_2019_10,spacy,2,the Penal Code,"{'start': 362, 'end': 376, 'label': 'LAW'}"
judg_2019_10,spacy,2,the Penal Code,"{'start': 763, 'end': 777, 'label': 'LAW'}"
judg_2019_10,spacy,2,section 238,"{'start': 1955, 'end': 1966, 'label': 'LAW'}"
judg_2019_10,spacy,2,the Penal Code,"{'start': 1970, 'end': 1984, 'label': 'LAW'}"
judg_2019_10,spacy,3,the Penal Code,"{'start': 857, 'end': 871, 'label': 'LAW'}"
judg_2019_10,spacy,3,the Penal Code,"{'start': 1663, 'end': 1677, 'label': 'LAW'}"
judg_2019_10,spacy,4,section 150(1,"{'start': 27, 'end': 40, 'label': 'LAW'}"
judg_2019_10,spacy,4,section 150(1,"{'start': 819, 'end': 832, 'label': 'LAW'}"
judg_2019_10,spacy,4,section 151,"{'start': 1421, 'end': 1432, 'label': 'LAW'}"
judg_2019_10,spacy,4,section 150,"{'start': 1489, 'end': 1500, 'label': 'LAW'}"
judg_2019_10,spacy,4,Section 79 of the Criminal Procedure and Evidence Code,"{'start': 2091, 'end': 2145, 'label': 'LAW'}"
judg_2019_10,spacy,6,section 79 of the Code,"{'start': 490, 'end': 512, 'label': 'LAW'}"
judg_2019_10,spacy,6,Notice and section 79 of the Code,"{'start': 561, 'end': 594, 'label': 'LAW'}"
judg_2019_10,spacy,6,the Police Act,"{'start': 1122, 'end': 1136, 'label': 'LAW'}"
judg_2019_10,spacy,7,section 25 of the Courts Act,"{'start': 59, 'end': 87, 'label': 'LAW'}"
judg_2019_10,er_pm,1,section 42(2) (f),"{'start': 50, 'end': 67, 'label': 'LAW'}"
judg_2019_10,er_pm,1,section 25 and 26 of,"{'start': 128, 'end': 148, 'label': 'LAW'}"
judg_2019_10,er_pm,1,section 360 and 361 of,"{'start': 175, 'end': 197, 'label': 'LAW'}"
judg_2019_10,er_pm,2,section 235(a) of,"{'start': 344, 'end': 361, 'label': 'LAW'}"
judg_2019_10,er_pm,2,section 235(a) of,"{'start': 745, 'end': 762, 'label': 'LAW'}"
judg_2019_10,er_pm,2,section 238 of the,"{'start': 1955, 'end': 1973, 'label': 'LAW'}"
judg_2019_10,er_pm,3,section 235(a) with,"{'start': 242, 'end': 261, 'label': 'LAW'}"
judg_2019_10,er_pm,3,section 235(a) of,"{'start': 839, 'end': 856, 'label': 'LAW'}"
judg_2019_10,er_pm,3,section 235(a) of,"{'start': 1645, 'end': 1662, 'label': 'LAW'}"
judg_2019_10,er_pm,3,section 235(a).,"{'start': 1975, 'end': 1990, 'label': 'LAW'}"
judg_2019_10,er_pm,4,section 150(1) of,"{'start': 27, 'end': 44, 'label': 'LAW'}"
judg_2019_10,er_pm,4,section 150(1) should,"{'start': 819, 'end': 840, 'label': 'LAW'}"
judg_2019_10,er_pm,4,sections 153 to 157 of,"{'start': 1007, 'end': 1029, 'label': 'LAW'}"
judg_2019_10,er_pm,4,section 151 (2) (b),"{'start': 1421, 'end': 1440, 'label': 'LAW'}"
judg_2019_10,er_pm,4,section 150 of the,"{'start': 1489, 'end': 1507, 'label': 'LAW'}"
judg_2019_10,er_pm,4,sections 153 to 157 of,"{'start': 1699, 'end': 1721, 'label': 'LAW'}"
judg_2019_10,er_pm,4,Section 79 of the,"{'start': 2091, 'end': 2108, 'label': 'LAW'}"
judg_2019_10,er_pm,6,section 79 of the,"{'start': 490, 'end': 507, 'label': 'LAW'}"
judg_2019_10,er_pm,6,section 79 of the,"{'start': 572, 'end': 589, 'label': 'LAW'}"
judg_2019_10,er_pm,6,sections 3 and 5 of,"{'start': 878, 'end': 897, 'label': 'LAW'}"
judg_2019_10,er_pm,7,section 25 of the,"{'start': 59, 'end': 76, 'label': 'LAW'}"
judg_2019_10,er_pm,1, Courts Act,"{'start': 152, 'end': 163, 'label': 'LAWNAME'}"
judg_2019_10,er_pm,1, Criminal Procedure and Evidence Code,"{'start': 201, 'end': 238, 'label': 'LAWNAME'}"
judg_2019_10,er_pm,2, Penal Code,"{'start': 365, 'end': 376, 'label': 'LAWNAME'}"
judg_2019_10,er_pm,2, Penal Code,"{'start': 766, 'end': 777, 'label': 'LAWNAME'}"
judg_2019_10,er_pm,2, Penal Code,"{'start': 1973, 'end': 1984, 'label': 'LAWNAME'}"
judg_2019_10,er_pm,3, Penal Code,"{'start': 860, 'end': 871, 'label': 'LAWNAME'}"
judg_2019_10,er_pm,3, Penal Code,"{'start': 1666, 'end': 1677, 'label': 'LAWNAME'}"
judg_2019_10,er_pm,4, Criminal Procedure and Evidence Code,"{'start': 48, 'end': 85, 'label': 'LAWNAME'}"
judg_2019_10,er_pm,4, Criminal Procedure and Evidence Code,"{'start': 1033, 'end': 1070, 'label': 'LAWNAME'}"
judg_2019_10,er_pm,4, Criminal Procedure and Evidence Code,"{'start': 2108, 'end': 2145, 'label': 'LAWNAME'}"
judg_2019_10,er_pm,6, Police Act,"{'start': 1125, 'end': 1136, 'label': 'LAWNAME'}"
judg_2019_10,er_pm,7, Courts Act,"{'start': 76, 'end': 87, 'label': 'LAWNAME'}"
judg_2019_11,spacy,1,the Prosecution of Offences Act,"{'start': 2298, 'end': 2329, 'label': 'LAW'}"
judg_2019_11,spacy,1,the Prosecution of Offences (Custody Time Limit),"{'start': 2334, 'end': 2382, 'label': 'LAW'}"
judg_2019_11,spacy,2,Section 161,"{'start': 1, 'end': 12, 'label': 'LAW'}"
judg_2019_11,spacy,4,Section 303,"{'start': 403, 'end': 414, 'label': 'LAW'}"
judg_2019_11,spacy,8,Section 303,"{'start': 261, 'end': 272, 'label': 'LAW'}"
judg_2019_11,spacy,8,section 305,"{'start': 357, 'end': 368, 'label': 'LAW'}"
judg_2019_11,spacy,11,section 303,"{'start': 41, 'end': 52, 'label': 'LAW'}"
judg_2019_11,spacy,11,Section 161,"{'start': 256, 'end': 267, 'label': 'LAW'}"
judg_2019_11,spacy,13,section 161 H of the Criminal Procedure and Evidence Code,"{'start': 414, 'end': 471, 'label': 'LAW'}"
judg_2019_11,spacy,14,the Guidelines on Bail Regulations,"{'start': 633, 'end': 667, 'label': 'LAW'}"
judg_2019_11,spacy,14,the Guidelines on Bail,"{'start': 719, 'end': 741, 'label': 'LAW'}"
judg_2019_11,spacy,19,section 359,"{'start': 623, 'end': 634, 'label': 'LAW'}"
judg_2019_11,spacy,21,the Guidelines of Bail,"{'start': 215, 'end': 237, 'label': 'LAW'}"
judg_2019_11,spacy,22,section 161,"{'start': 770, 'end': 781, 'label': 'LAW'}"
judg_2019_11,spacy,23,Constitution,"{'start': 54, 'end': 66, 'label': 'LAW'}"
judg_2019_11,spacy,23,Constitution,"{'start': 343, 'end': 355, 'label': 'LAW'}"
judg_2019_11,spacy,24,section 303,"{'start': 56, 'end': 67, 'label': 'LAW'}"
judg_2019_11,spacy,24,section 161,"{'start': 170, 'end': 181, 'label': 'LAW'}"
judg_2019_11,spacy,24,section 42,"{'start': 1382, 'end': 1392, 'label': 'LAW'}"
judg_2019_11,spacy,26,Constitution,"{'start': 274, 'end': 286, 'label': 'LAW'}"
judg_2019_11,spacy,26,Constitution,"{'start': 738, 'end': 750, 'label': 'LAW'}"
judg_2019_11,er_pm,1,sections 161 A-,"{'start': 48, 'end': 63, 'label': 'LAW'}"
judg_2019_11,er_pm,1,sections in Gadabwali,"{'start': 540, 'end': 561, 'label': 'LAW'}"
judg_2019_11,er_pm,1,sections 161 A-,"{'start': 980, 'end': 995, 'label': 'LAW'}"
judg_2019_11,er_pm,1,Sections 161 A-,"{'start': 1530, 'end': 1545, 'label': 'LAW'}"
judg_2019_11,er_pm,1,Sections 161 A-,"{'start': 1625, 'end': 1640, 'label': 'LAW'}"
judg_2019_11,er_pm,1,Sections 161 A-,"{'start': 1959, 'end': 1974, 'label': 'LAW'}"
judg_2019_11,er_pm,2,Section 161 A of,"{'start': 1, 'end': 17, 'label': 'LAW'}"
judg_2019_11,er_pm,4,Section 303 (1) of,"{'start': 403, 'end': 421, 'label': 'LAW'}"
judg_2019_11,er_pm,6,Section 303 (2) provides,"{'start': 0, 'end': 24, 'label': 'LAW'}"
judg_2019_11,er_pm,8,Section 303 clearly does,"{'start': 0, 'end': 24, 'label': 'LAW'}"
judg_2019_11,er_pm,8,section 303 (I) of,"{'start': 127, 'end': 145, 'label': 'LAW'}"
judg_2019_11,er_pm,8,Section 303 (2) clearly,"{'start': 261, 'end': 284, 'label': 'LAW'}"
judg_2019_11,er_pm,8,section 305 (I) of,"{'start': 357, 'end': 375, 'label': 'LAW'}"
judg_2019_11,er_pm,11,section 303 (l) of,"{'start': 41, 'end': 59, 'label': 'LAW'}"
judg_2019_11,er_pm,11,"Section 161 A,","{'start': 256, 'end': 270, 'label': 'LAW'}"
judg_2019_11,er_pm,13,sections 161 A-,"{'start': 151, 'end': 166, 'label': 'LAW'}"
judg_2019_11,er_pm,13,section 161 1-I of,"{'start': 293, 'end': 311, 'label': 'LAW'}"
judg_2019_11,er_pm,13,section 161 H of,"{'start': 414, 'end': 430, 'label': 'LAW'}"
judg_2019_11,er_pm,13,sections 161 A-,"{'start': 655, 'end': 670, 'label': 'LAW'}"
judg_2019_11,er_pm,19,sections 161 A-,"{'start': 402, 'end': 417, 'label': 'LAW'}"
judg_2019_11,er_pm,19,section 359 of the,"{'start': 623, 'end': 641, 'label': 'LAW'}"
judg_2019_11,er_pm,19,section 24 (l) of,"{'start': 683, 'end': 700, 'label': 'LAW'}"
judg_2019_11,er_pm,22,sections 161 A-,"{'start': 124, 'end': 139, 'label': 'LAW'}"
judg_2019_11,er_pm,22,section 167 A-,"{'start': 656, 'end': 670, 'label': 'LAW'}"
judg_2019_11,er_pm,22,section 161 A-,"{'start': 770, 'end': 784, 'label': 'LAW'}"
judg_2019_11,er_pm,23,sections 41 and 42 of,"{'start': 28, 'end': 49, 'label': 'LAW'}"
judg_2019_11,er_pm,23,sections 41 and 42,"{'start': 318, 'end': 336, 'label': 'LAW'}"
judg_2019_11,er_pm,24,section 303 (2) of,"{'start': 56, 'end': 74, 'label': 'LAW'}"
judg_2019_11,er_pm,24,section 161 A-,"{'start': 170, 'end': 184, 'label': 'LAW'}"
judg_2019_11,er_pm,24,section 42 (2) (f),"{'start': 1382, 'end': 1400, 'label': 'LAW'}"
judg_2019_11,er_pm,25,sections 161 A-,"{'start': 10, 'end': 25, 'label': 'LAW'}"
judg_2019_11,er_pm,26,sections 161 A-,"{'start': 159, 'end': 174, 'label': 'LAW'}"
judg_2019_11,er_pm,26,section 42 (2) (f) of,"{'start': 248, 'end': 269, 'label': 'LAW'}"
judg_2019_11,er_pm,1, Criminal Procedure and Evidence Code,"{'start': 82, 'end': 119, 'label': 'LAWNAME'}"
judg_2019_11,er_pm,1, Criminal Procedure and Evidence Code,"{'start': 1003, 'end': 1040, 'label': 'LAWNAME'}"
judg_2019_11,er_pm,1, Criminal Procedure and Evidence Code,"{'start': 1553, 'end': 1590, 'label': 'LAWNAME'}"
judg_2019_11,er_pm,1, Criminal Procedure and Evidence Code,"{'start': 1648, 'end': 1685, 'label': 'LAWNAME'}"
judg_2019_11,er_pm,1, Criminal Procedure and Evidence Code,"{'start': 1982, 'end': 2019, 'label': 'LAWNAME'}"
judg_2019_11,er_pm,2, Criminal Procedure and Evidence Code,"{'start': 21, 'end': 58, 'label': 'LAWNAME'}"
judg_2019_11,er_pm,4, Criminal Procedure and Evidence Code,"{'start': 3, 'end': 40, 'label': 'LAWNAME'}"
judg_2019_11,er_pm,4, Criminal Procedure and Evidence Code,"{'start': 425, 'end': 462, 'label': 'LAWNAME'}"
judg_2019_11,er_pm,8, Criminal Procedure and Evidence Code,"{'start': 149, 'end': 186, 'label': 'LAWNAME'}"
judg_2019_11,er_pm,8, Criminal Procedure and Evidence Code,"{'start': 379, 'end': 416, 'label': 'LAWNAME'}"
judg_2019_11,er_pm,11, Criminal Procedure and Evidence Code,"{'start': 63, 'end': 100, 'label': 'LAWNAME'}"
judg_2019_11,er_pm,13, Criminal Procedure and Evidence Code,"{'start': 174, 'end': 211, 'label': 'LAWNAME'}"
judg_2019_11,er_pm,13, Criminal Procedure and Evidence Code,"{'start': 315, 'end': 352, 'label': 'LAWNAME'}"
judg_2019_11,er_pm,13, Criminal Procedure and Evidence Code,"{'start': 434, 'end': 471, 'label': 'LAWNAME'}"
judg_2019_11,er_pm,13, Criminal Procedure and Evidence Code,"{'start': 678, 'end': 715, 'label': 'LAWNAME'}"
judg_2019_11,er_pm,19, Criminal Procedure and Evidence Code,"{'start': 425, 'end': 462, 'label': 'LAWNAME'}"
judg_2019_11,er_pm,19, Criminal Procedure and Evidence Code,"{'start': 641, 'end': 678, 'label': 'LAWNAME'}"
judg_2019_11,er_pm,19, Supreme Court of Appeal Act,"{'start': 704, 'end': 732, 'label': 'LAWNAME'}"
judg_2019_11,er_pm,22, Criminal Procedure and Evidence Code,"{'start': 147, 'end': 184, 'label': 'LAWNAME'}"
judg_2019_11,er_pm,22, Criminal Procedure and Evidence Code,"{'start': 678, 'end': 715, 'label': 'LAWNAME'}"
judg_2019_11,er_pm,22, Criminal Procedure and Evidence Code,"{'start': 792, 'end': 829, 'label': 'LAWNAME'}"
judg_2019_11,er_pm,23, Criminal Procedure and Evidence Code,"{'start': 202, 'end': 239, 'label': 'LAWNAME'}"
judg_2019_11,er_pm,23, Criminal Procedure and Evidence Code,"{'start': 382, 'end': 419, 'label': 'LAWNAME'}"
judg_2019_11,er_pm,24, Criminal Procedure and Evidence Code,"{'start': 78, 'end': 115, 'label': 'LAWNAME'}"
judg_2019_11,er_pm,24, Criminal Procedure and Evidence Code,"{'start': 192, 'end': 229, 'label': 'LAWNAME'}"
judg_2019_11,er_pm,25, Criminal Procedure and Evidence Code,"{'start': 33, 'end': 70, 'label': 'LAWNAME'}"
judg_2019_11,er_pm,26, Criminal Procedure and Evidence Code,"{'start': 182, 'end': 219, 'label': 'LAWNAME'}"
judg_2019_11,er_pm,26, Criminal Procedure and Evidence Code,"{'start': 758, 'end': 795, 'label': 'LAWNAME'}"
judg_2019_12,spacy,1,section 208,"{'start': 69, 'end': 80, 'label': 'LAW'}"
judg_2019_12,spacy,1,section 254,"{'start': 258, 'end': 269, 'label': 'LAW'}"
judg_2019_12,spacy,3,section 254,"{'start': 53, 'end': 64, 'label': 'LAW'}"
judg_2019_12,er_pm,1,section 208 of the,"{'start': 69, 'end': 87, 'label': 'LAW'}"
judg_2019_12,er_pm,1,section 254 (1) of,"{'start': 258, 'end': 276, 'label': 'LAW'}"
judg_2019_12,er_pm,3,section 254 (1) of,"{'start': 53, 'end': 71, 'label': 'LAW'}"
judg_2019_12,er_pm,3,sections 139 and 140 of,"{'start': 357, 'end': 380, 'label': 'LAW'}"
judg_2019_12,er_pm,1, Penal Code,"{'start': 87, 'end': 98, 'label': 'LAWNAME'}"
judg_2019_12,er_pm,1, Criminal Procedure and Evidence Code,"{'start': 280, 'end': 317, 'label': 'LAWNAME'}"
judg_2019_12,er_pm,3, Criminal Procedure and Evidence Code,"{'start': 75, 'end': 112, 'label': 'LAWNAME'}"
judg_2019_12,er_pm,3, Criminal Procedure and Evidence Code,"{'start': 384, 'end': 421, 'label': 'LAWNAME'}"
judg_2019_13,spacy,2,section 137,"{'start': 280, 'end': 291, 'label': 'LAW'}"
judg_2019_13,spacy,2,section 350,"{'start': 962, 'end': 973, 'label': 'LAW'}"
judg_2019_13,spacy,3,section 137(1,"{'start': 1844, 'end': 1857, 'label': 'LAW'}"
judg_2019_13,spacy,3,the Penal Code,"{'start': 1862, 'end': 1876, 'label': 'LAW'}"
judg_2019_13,spacy,5,section 151 of the CP,"{'start': 1524, 'end': 1545, 'label': 'LAW'}"
judg_2019_13,spacy,5,section 1,"{'start': 2311, 'end': 2320, 'label': 'LAW'}"
judg_2019_13,spacy,5,the Penal Code,"{'start': 2327, 'end': 2341, 'label': 'LAW'}"
judg_2019_13,spacy,6,the Penal Code,"{'start': 2760, 'end': 2774, 'label': 'LAW'}"
judg_2019_13,spacy,6,Section 137(1,"{'start': 2800, 'end': 2813, 'label': 'LAW'}"
judg_2019_13,spacy,6,the Penal Code,"{'start': 2818, 'end': 2832, 'label': 'LAW'}"
judg_2019_13,spacy,9,section 137(1,"{'start': 344, 'end': 357, 'label': 'LAW'}"
judg_2019_13,spacy,9,the Penal Code,"{'start': 362, 'end': 376, 'label': 'LAW'}"
judg_2019_13,spacy,9,the Penal Code,"{'start': 852, 'end': 866, 'label': 'LAW'}"
judg_2019_13,spacy,14,section 138(1,"{'start': 1242, 'end': 1255, 'label': 'LAW'}"
judg_2019_13,spacy,14,the Penal Code,"{'start': 1260, 'end': 1274, 'label': 'LAW'}"
judg_2019_13,spacy,14,section 133,"{'start': 1362, 'end': 1373, 'label': 'LAW'}"
judg_2019_13,spacy,14,the Penal Code,"{'start': 1377, 'end': 1391, 'label': 'LAW'}"
judg_2019_13,spacy,14,section 155 of the CP,"{'start': 2552, 'end': 2573, 'label': 'LAW'}"
judg_2019_13,spacy,15,section 13(2,"{'start': 43, 'end': 55, 'label': 'LAW'}"
judg_2019_13,spacy,15,the Penal Code,"{'start': 119, 'end': 133, 'label': 'LAW'}"
judg_2019_13,spacy,15,section 159A of the Penal Code,"{'start': 253, 'end': 283, 'label': 'LAW'}"
judg_2019_13,spacy,15,section 15,"{'start': 2233, 'end': 2243, 'label': 'LAW'}"
judg_2019_13,spacy,15,the Penal Code,"{'start': 2484, 'end': 2498, 'label': 'LAW'}"
judg_2019_13,spacy,15,section 353(2,"{'start': 2851, 'end': 2864, 'label': 'LAW'}"
judg_2019_13,spacy,16,section 255,"{'start': 62, 'end': 73, 'label': 'LAW'}"
judg_2019_13,spacy,16,the Penal Code,"{'start': 250, 'end': 264, 'label': 'LAW'}"
judg_2019_13,spacy,16,the Penal Code,"{'start': 413, 'end': 427, 'label': 'LAW'}"
judg_2019_13,er_pm,2,section 137( I ) 01,"{'start': 280, 'end': 299, 'label': 'LAW'}"
judg_2019_13,er_pm,2,section 350 of the,"{'start': 962, 'end': 980, 'label': 'LAW'}"
judg_2019_13,er_pm,3,section under which,"{'start': 1624, 'end': 1643, 'label': 'LAW'}"
judg_2019_13,er_pm,3,section 137(1) of,"{'start': 1844, 'end': 1861, 'label': 'LAW'}"
judg_2019_13,er_pm,3,section 137 is irrelevant,"{'start': 1930, 'end': 1955, 'label': 'LAW'}"
judg_2019_13,er_pm,5,section 151 of the,"{'start': 1524, 'end': 1542, 'label': 'LAW'}"
judg_2019_13,er_pm,5,section 1 A) of,"{'start': 2311, 'end': 2326, 'label': 'LAW'}"
judg_2019_13,er_pm,6,section 187 ofthe cp,"{'start': 1608, 'end': 1628, 'label': 'LAW'}"
judg_2019_13,er_pm,6,Section 137(1) of,"{'start': 2800, 'end': 2817, 'label': 'LAW'}"
judg_2019_13,er_pm,9,section 137(1) of,"{'start': 344, 'end': 361, 'label': 'LAW'}"
judg_2019_13,er_pm,13,section 151 of the,"{'start': 542, 'end': 560, 'label': 'LAW'}"
judg_2019_13,er_pm,14,section 159A of,"{'start': 1111, 'end': 1126, 'label': 'LAW'}"
judg_2019_13,er_pm,14,section 138(1) of,"{'start': 1242, 'end': 1259, 'label': 'LAW'}"
judg_2019_13,er_pm,14,section 133 of the,"{'start': 1362, 'end': 1380, 'label': 'LAW'}"
judg_2019_13,er_pm,14,section 155 of the,"{'start': 2552, 'end': 2570, 'label': 'LAW'}"
judg_2019_13,er_pm,15,section 13(2) of,"{'start': 43, 'end': 59, 'label': 'LAW'}"
judg_2019_13,er_pm,15,sections 133 and 138 of,"{'start': 95, 'end': 118, 'label': 'LAW'}"
judg_2019_13,er_pm,15,section 159A of,"{'start': 253, 'end': 268, 'label': 'LAW'}"
judg_2019_13,er_pm,15,section 151(2)(b) of,"{'start': 521, 'end': 541, 'label': 'LAW'}"
judg_2019_13,er_pm,15,"section substitutions,","{'start': 806, 'end': 828, 'label': 'LAW'}"
judg_2019_13,er_pm,15,section 254 CP and,"{'start': 923, 'end': 941, 'label': 'LAW'}"
judg_2019_13,er_pm,15,section 254(2) of,"{'start': 2188, 'end': 2205, 'label': 'LAW'}"
judg_2019_13,er_pm,15,section 15 of the,"{'start': 2233, 'end': 2250, 'label': 'LAW'}"
judg_2019_13,er_pm,15,section 159A of,"{'start': 2468, 'end': 2483, 'label': 'LAW'}"
judg_2019_13,er_pm,15,section 353(2) of,"{'start': 2851, 'end': 2868, 'label': 'LAW'}"
judg_2019_13,er_pm,16,sections 253(3) and,"{'start': 17, 'end': 36, 'label': 'LAW'}"
judg_2019_13,er_pm,16,section 255 of the,"{'start': 62, 'end': 80, 'label': 'LAW'}"
judg_2019_13,er_pm,16,section 37(! ) of,"{'start': 232, 'end': 249, 'label': 'LAW'}"
judg_2019_13,er_pm,16,section 1 59A of,"{'start': 396, 'end': 412, 'label': 'LAW'}"
judg_2019_13,er_pm,2, Criminal Procedure and Evidence Code,"{'start': 980, 'end': 1017, 'label': 'LAWNAME'}"
judg_2019_13,er_pm,3, Penal Code,"{'start': 1865, 'end': 1876, 'label': 'LAWNAME'}"
judg_2019_13,er_pm,5, Penal Code,"{'start': 2330, 'end': 2341, 'label': 'LAWNAME'}"
judg_2019_13,er_pm,6, Penal Code,"{'start': 2763, 'end': 2774, 'label': 'LAWNAME'}"
judg_2019_13,er_pm,6, Penal Code,"{'start': 2821, 'end': 2832, 'label': 'LAWNAME'}"
judg_2019_13,er_pm,9, Penal Code,"{'start': 365, 'end': 376, 'label': 'LAWNAME'}"
judg_2019_13,er_pm,9, Penal Code,"{'start': 855, 'end': 866, 'label': 'LAWNAME'}"
judg_2019_13,er_pm,13, Penal Code,"{'start': 1266, 'end': 1277, 'label': 'LAWNAME'}"
judg_2019_13,er_pm,14, Penal Code,"{'start': 1130, 'end': 1141, 'label': 'LAWNAME'}"
judg_2019_13,er_pm,14, Penal Code,"{'start': 1263, 'end': 1274, 'label': 'LAWNAME'}"
judg_2019_13,er_pm,14, Penal Code,"{'start': 1380, 'end': 1391, 'label': 'LAWNAME'}"
judg_2019_13,er_pm,15, Penal Code,"{'start': 122, 'end': 133, 'label': 'LAWNAME'}"
judg_2019_13,er_pm,15, Penal Code,"{'start': 272, 'end': 283, 'label': 'LAWNAME'}"
judg_2019_13,er_pm,15, Penal Code,"{'start': 754, 'end': 765, 'label': 'LAWNAME'}"
judg_2019_13,er_pm,15, Penal Code,"{'start': 2487, 'end': 2498, 'label': 'LAWNAME'}"
judg_2019_13,er_pm,16, Penal Code,"{'start': 253, 'end': 264, 'label': 'LAWNAME'}"
judg_2019_13,er_pm,16, Penal Code,"{'start': 416, 'end': 427, 'label': 'LAWNAME'}"
judg_2019_14,spacy,1,section 208,"{'start': 54, 'end': 65, 'label': 'LAW'}"
judg_2019_14,spacy,1,the Penal Code,"{'start': 69, 'end': 83, 'label': 'LAW'}"
judg_2019_14,spacy,4,the Penal Code,"{'start': 29, 'end': 43, 'label': 'LAW'}"
judg_2019_14,er_pm,1,section 208 of the,"{'start': 54, 'end': 72, 'label': 'LAW'}"
judg_2019_14,er_pm,4,section 21 1 of,"{'start': 13, 'end': 28, 'label': 'LAW'}"
judg_2019_14,er_pm,1, Penal Code,"{'start': 72, 'end': 83, 'label': 'LAWNAME'}"
judg_2019_14,er_pm,4, Penal Code,"{'start': 32, 'end': 43, 'label': 'LAWNAME'}"
judg_2019_14,er_pm,4, reserved,"{'start': 126, 'end': 135, 'label': 'LAWNAME'}"
judg_2019_15,spacy,3,Section 161 G of the Criminal Procedure and Evidence Code,"{'start': 0, 'end': 57, 'label': 'LAW'}"
judg_2019_15,spacy,5,section 167,"{'start': 83, 'end': 94, 'label': 'LAW'}"
judg_2019_15,spacy,5,Constitution,"{'start': 666, 'end': 678, 'label': 'LAW'}"
judg_2019_15,spacy,6,section 161G & H,"{'start': 264, 'end': 280, 'label': 'LAW'}"
judg_2019_15,spacy,6,section 42,"{'start': 372, 'end': 382, 'label': 'LAW'}"
judg_2019_15,spacy,8,section 161,"{'start': 153, 'end': 164, 'label': 'LAW'}"
judg_2019_15,er_pm,3,Section 161 G of,"{'start': 0, 'end': 16, 'label': 'LAW'}"
judg_2019_15,er_pm,5,section 167 of the,"{'start': 83, 'end': 101, 'label': 'LAW'}"
judg_2019_15,er_pm,6,section 161G &,"{'start': 264, 'end': 278, 'label': 'LAW'}"
judg_2019_15,er_pm,6,"section 42 (2),","{'start': 372, 'end': 387, 'label': 'LAW'}"
judg_2019_15,er_pm,6,section (e) which,"{'start': 403, 'end': 420, 'label': 'LAW'}"
judg_2019_15,er_pm,8,section 161 J of,"{'start': 153, 'end': 169, 'label': 'LAW'}"
judg_2019_15,er_pm,8,Section 1611 seems to support,"{'start': 566, 'end': 595, 'label': 'LAW'}"
judg_2019_15,er_pm,3, Criminal Procedure and Evidence Code,"{'start': 20, 'end': 57, 'label': 'LAWNAME'}"
judg_2019_15,er_pm,8, CP&EC,"{'start': 173, 'end': 179, 'label': 'LAWNAME'}"
judg_2019_16,spacy,2,section 346,"{'start': 1054, 'end': 1065, 'label': 'LAW'}"
judg_2019_16,spacy,2,section 350,"{'start': 1079, 'end': 1090, 'label': 'LAW'}"
judg_2019_16,spacy,6,section 180,"{'start': 1650, 'end': 1661, 'label': 'LAW'}"
judg_2019_16,spacy,6,section 180,"{'start': 2027, 'end': 2038, 'label': 'LAW'}"
judg_2019_16,spacy,7,section 5(2,"{'start': 1185, 'end': 1196, 'label': 'LAW'}"
judg_2019_16,er_pm,2,section 180 (3) of,"{'start': 146, 'end': 164, 'label': 'LAW'}"
judg_2019_16,er_pm,2,section 346 as read,"{'start': 1054, 'end': 1073, 'label': 'LAW'}"
judg_2019_16,er_pm,2,section 350 of the,"{'start': 1079, 'end': 1097, 'label': 'LAW'}"
judg_2019_16,er_pm,6,section 180 (3) of,"{'start': 1650, 'end': 1668, 'label': 'LAW'}"
judg_2019_16,er_pm,6,section 180 (3) and,"{'start': 2027, 'end': 2046, 'label': 'LAW'}"
judg_2019_16,er_pm,7,section 5(2) of,"{'start': 1185, 'end': 1200, 'label': 'LAW'}"
judg_2019_16,er_pm,2, Criminal Procedure and Evidence Code,"{'start': 168, 'end': 205, 'label': 'LAWNAME'}"
judg_2019_16,er_pm,2, CP&EC,"{'start': 210, 'end': 216, 'label': 'LAWNAME'}"
judg_2019_16,er_pm,2, Criminal Procedure and Evidence Code,"{'start': 1097, 'end': 1134, 'label': 'LAWNAME'}"
judg_2019_17,spacy,1,the Penal Code,"{'start': 123, 'end': 137, 'label': 'LAW'}"
judg_2019_17,spacy,24,section 187(1,"{'start': 138, 'end': 151, 'label': 'LAW'}"
judg_2019_17,spacy,24,the English,"{'start': 903, 'end': 914, 'label': 'LAW'}"
judg_2019_17,spacy,24,the Common Law of England,"{'start': 1280, 'end': 1305, 'label': 'LAW'}"
judg_2019_17,spacy,24,the Law of England,"{'start': 1373, 'end': 1391, 'label': 'LAW'}"
judg_2019_17,spacy,25,section 209,"{'start': 417, 'end': 428, 'label': 'LAW'}"
judg_2019_17,spacy,25,the Penal Code,"{'start': 432, 'end': 446, 'label': 'LAW'}"
judg_2019_17,spacy,25,section 212,"{'start': 932, 'end': 943, 'label': 'LAW'}"
judg_2019_17,spacy,25,the Penal Code,"{'start': 947, 'end': 961, 'label': 'LAW'}"
judg_2019_17,spacy,27,section 176 of the Criminal Procedure & Evidence Code,"{'start': 1277, 'end': 1330, 'label': 'LAW'}"
judg_2019_17,spacy,28,section 42,"{'start': 814, 'end': 824, 'label': 'LAW'}"
judg_2019_17,spacy,28,Constitution,"{'start': 974, 'end': 986, 'label': 'LAW'}"
judg_2019_17,spacy,28,Constitution,"{'start': 1005, 'end': 1017, 'label': 'LAW'}"
judg_2019_17,spacy,29,Constitution,"{'start': 114, 'end': 126, 'label': 'LAW'}"
judg_2019_17,spacy,32,section 176,"{'start': 15, 'end': 26, 'label': 'LAW'}"
judg_2019_17,spacy,32,the Penal Code,"{'start': 1883, 'end': 1897, 'label': 'LAW'}"
judg_2019_17,er_pm,1,section 209 of the,"{'start': 108, 'end': 126, 'label': 'LAW'}"
judg_2019_17,er_pm,24,section 187(1) of,"{'start': 138, 'end': 155, 'label': 'LAW'}"
judg_2019_17,er_pm,25,section 209 of the,"{'start': 417, 'end': 435, 'label': 'LAW'}"
judg_2019_17,er_pm,25,section 212 of the,"{'start': 932, 'end': 950, 'label': 'LAW'}"
judg_2019_17,er_pm,27,section 176 of the,"{'start': 1277, 'end': 1295, 'label': 'LAW'}"
judg_2019_17,er_pm,28,section except subsection,"{'start': 373, 'end': 398, 'label': 'LAW'}"
judg_2019_17,er_pm,28,section 42 (2) (c) of,"{'start': 814, 'end': 835, 'label': 'LAW'}"
judg_2019_17,er_pm,29,section 176 (3) of,"{'start': 168, 'end': 186, 'label': 'LAW'}"
judg_2019_17,er_pm,32,section 176 (2) of,"{'start': 15, 'end': 33, 'label': 'LAW'}"
judg_2019_17,er_pm,32,sections 21 and 22 of,"{'start': 1861, 'end': 1882, 'label': 'LAW'}"
judg_2019_17,er_pm,1, Penal Code,"{'start': 126, 'end': 137, 'label': 'LAWNAME'}"
judg_2019_17,er_pm,24, Criminal Procedure and Evidence Code,"{'start': 159, 'end': 196, 'label': 'LAWNAME'}"
judg_2019_17,er_pm,25, Penal Code,"{'start': 435, 'end': 446, 'label': 'LAWNAME'}"
judg_2019_17,er_pm,25, Penal Code,"{'start': 950, 'end': 961, 'label': 'LAWNAME'}"
judg_2019_17,er_pm,28, Criminal Procedure and Evidence Code,"{'start': 1410, 'end': 1447, 'label': 'LAWNAME'}"
judg_2019_17,er_pm,29, Criminal Procedure and Evidence Code,"{'start': 190, 'end': 227, 'label': 'LAWNAME'}"
judg_2019_17,er_pm,32, CP&EC,"{'start': 37, 'end': 43, 'label': 'LAWNAME'}"
judg_2019_17,er_pm,32, Penal Code,"{'start': 1886, 'end': 1897, 'label': 'LAWNAME'}"
judg_2019_18,spacy,1,section 209,"{'start': 194, 'end': 205, 'label': 'LAW'}"
judg_2019_18,spacy,1,the Penal Code,"{'start': 209, 'end': 223, 'label': 'LAW'}"
judg_2019_18,er_pm,1,section 209 of the,"{'start': 194, 'end': 212, 'label': 'LAW'}"
judg_2019_18,er_pm,2,sections in Malawi,"{'start': 1151, 'end': 1169, 'label': 'LAW'}"
judg_2019_18,er_pm,1, Penal Code,"{'start': 212, 'end': 223, 'label': 'LAWNAME'}"
judg_2019_19,spacy,3,Section 210,"{'start': 8, 'end': 19, 'label': 'LAW'}"
judg_2019_19,spacy,3,the Penal Code,"{'start': 23, 'end': 37, 'label': 'LAW'}"
judg_2019_19,spacy,3,section 210,"{'start': 426, 'end': 437, 'label': 'LAW'}"
judg_2019_19,spacy,3,the Penal Code,"{'start': 441, 'end': 455, 'label': 'LAW'}"
judg_2019_19,spacy,4,section 210 amendment,"{'start': 696, 'end': 717, 'label': 'LAW'}"
judg_2019_19,spacy,4,the Penal Code,"{'start': 721, 'end': 735, 'label': 'LAW'}"
judg_2019_19,spacy,4,Constitution,"{'start': 1072, 'end': 1084, 'label': 'LAW'}"
judg_2019_19,er_pm,1,section 321 J of,"{'start': 335, 'end': 351, 'label': 'LAW'}"
judg_2019_19,er_pm,3,Section 210 of the,"{'start': 8, 'end': 26, 'label': 'LAW'}"
judg_2019_19,er_pm,3,section 210 of the,"{'start': 426, 'end': 444, 'label': 'LAW'}"
judg_2019_19,er_pm,4,section 210 amendment of,"{'start': 696, 'end': 720, 'label': 'LAW'}"
judg_2019_19,er_pm,1, Criminal Procedure and Evidence Code,"{'start': 355, 'end': 392, 'label': 'LAWNAME'}"
judg_2019_19,er_pm,3, Penal Code,"{'start': 26, 'end': 37, 'label': 'LAWNAME'}"
judg_2019_19,er_pm,3, Penal Code,"{'start': 444, 'end': 455, 'label': 'LAWNAME'}"
judg_2019_19,er_pm,4, Penal Code,"{'start': 724, 'end': 735, 'label': 'LAWNAME'}"
judg_2019_19,er_pm,4, reserved,"{'start': 1468, 'end': 1477, 'label': 'LAWNAME'}"
judg_2019_2,spacy,1,the Penal Code,"{'start': 104, 'end': 118, 'label': 'LAW'}"
judg_2019_2,spacy,1,section 251,"{'start': 357, 'end': 368, 'label': 'LAW'}"
judg_2019_2,spacy,1,the Penal Code,"{'start': 372, 'end': 386, 'label': 'LAW'}"
judg_2019_2,spacy,7,section 212,"{'start': 396, 'end': 407, 'label': 'LAW'}"
judg_2019_2,spacy,7,the Penal Code,"{'start': 415, 'end': 429, 'label': 'LAW'}"
judg_2019_2,spacy,7,section 215 of the Penal Code,"{'start': 835, 'end': 864, 'label': 'LAW'}"
judg_2019_2,spacy,7,section 339,"{'start': 1370, 'end': 1381, 'label': 'LAW'}"
judg_2019_2,spacy,7,section 340,"{'start': 1395, 'end': 1406, 'label': 'LAW'}"
judg_2019_2,er_pm,1,section 209 of the,"{'start': 89, 'end': 107, 'label': 'LAW'}"
judg_2019_2,er_pm,1,section 251 of the,"{'start': 357, 'end': 375, 'label': 'LAW'}"
judg_2019_2,er_pm,3,sections in Malawi,"{'start': 2086, 'end': 2104, 'label': 'LAW'}"
judg_2019_2,er_pm,7,section 212 (c) of,"{'start': 396, 'end': 414, 'label': 'LAW'}"
judg_2019_2,er_pm,7,section 215 of the,"{'start': 835, 'end': 853, 'label': 'LAW'}"
judg_2019_2,er_pm,7,section 339 as read,"{'start': 1370, 'end': 1389, 'label': 'LAW'}"
judg_2019_2,er_pm,7,section 340 of the,"{'start': 1395, 'end': 1413, 'label': 'LAW'}"
judg_2019_2,er_pm,1, Penal Code,"{'start': 107, 'end': 118, 'label': 'LAWNAME'}"
judg_2019_2,er_pm,1, Penal Code,"{'start': 375, 'end': 386, 'label': 'LAWNAME'}"
judg_2019_2,er_pm,7, Penal Code,"{'start': 418, 'end': 429, 'label': 'LAWNAME'}"
judg_2019_2,er_pm,7, Penal Code,"{'start': 853, 'end': 864, 'label': 'LAWNAME'}"
judg_2019_2,er_pm,7, Criminal Procedure and Evidence Code,"{'start': 1413, 'end': 1450, 'label': 'LAWNAME'}"
judg_2019_20,spacy,1,the Corrupt Practices Act,"{'start': 176, 'end': 201, 'label': 'LAW'}"
judg_2019_20,spacy,1,section 151 of the Criminal Procedure & Evidence Code,"{'start': 306, 'end': 359, 'label': 'LAW'}"
judg_2019_20,spacy,2,section 24,"{'start': 1510, 'end': 1520, 'label': 'LAW'}"
judg_2019_20,spacy,2,the Corrupt Practices Act,"{'start': 1528, 'end': 1553, 'label': 'LAW'}"
judg_2019_20,spacy,2,section 337,"{'start': 2060, 'end': 2071, 'label': 'LAW'}"
judg_2019_20,spacy,4,section 337,"{'start': 573, 'end': 584, 'label': 'LAW'}"
judg_2019_20,spacy,5,the Corrupt Practices Act,"{'start': 422, 'end': 447, 'label': 'LAW'}"
judg_2019_20,spacy,5,section 151,"{'start': 525, 'end': 536, 'label': 'LAW'}"
judg_2019_20,spacy,5,section 151,"{'start': 904, 'end': 915, 'label': 'LAW'}"
judg_2019_20,spacy,6,section 47,"{'start': 992, 'end': 1002, 'label': 'LAW'}"
judg_2019_20,spacy,6,section 24,"{'start': 1059, 'end': 1069, 'label': 'LAW'}"
judg_2019_20,spacy,6,section 47,"{'start': 1214, 'end': 1224, 'label': 'LAW'}"
judg_2019_20,spacy,6,s. 47,"{'start': 1258, 'end': 1263, 'label': 'LAW'}"
judg_2019_20,spacy,7,section 47,"{'start': 508, 'end': 518, 'label': 'LAW'}"
judg_2019_20,spacy,9,Section 212,"{'start': 836, 'end': 847, 'label': 'LAW'}"
judg_2019_20,spacy,10,section 337,"{'start': 585, 'end': 596, 'label': 'LAW'}"
judg_2019_20,spacy,10,section 337,"{'start': 649, 'end': 660, 'label': 'LAW'}"
judg_2019_20,spacy,12,section 337,"{'start': 25, 'end': 36, 'label': 'LAW'}"
judg_2019_20,spacy,12,section 24,"{'start': 177, 'end': 187, 'label': 'LAW'}"
judg_2019_20,er_pm,1,section 24 (l) of,"{'start': 158, 'end': 175, 'label': 'LAW'}"
judg_2019_20,er_pm,1,section 151 of the,"{'start': 306, 'end': 324, 'label': 'LAW'}"
judg_2019_20,er_pm,2,section 24 (l) of,"{'start': 1117, 'end': 1134, 'label': 'LAW'}"
judg_2019_20,er_pm,2,section 24 (1) of,"{'start': 1510, 'end': 1527, 'label': 'LAW'}"
judg_2019_20,er_pm,2,section 337 of the,"{'start': 2060, 'end': 2078, 'label': 'LAW'}"
judg_2019_20,er_pm,4,section 337 of the,"{'start': 573, 'end': 591, 'label': 'LAW'}"
judg_2019_20,er_pm,5,section 24 (1) of,"{'start': 404, 'end': 421, 'label': 'LAW'}"
judg_2019_20,er_pm,5,section 151 (l) of,"{'start': 525, 'end': 543, 'label': 'LAW'}"
judg_2019_20,er_pm,5,section 151 (1) of,"{'start': 904, 'end': 922, 'label': 'LAW'}"
judg_2019_20,er_pm,6,section 47 of the,"{'start': 992, 'end': 1009, 'label': 'LAW'}"
judg_2019_20,er_pm,6,section 24 of the,"{'start': 1059, 'end': 1076, 'label': 'LAW'}"
judg_2019_20,er_pm,6,section 47 of the,"{'start': 1214, 'end': 1231, 'label': 'LAW'}"
judg_2019_20,er_pm,7,section 47 (a) of,"{'start': 508, 'end': 525, 'label': 'LAW'}"
judg_2019_20,er_pm,7,section 24 which the,"{'start': 692, 'end': 712, 'label': 'LAW'}"
judg_2019_20,er_pm,9,Section 212 of the,"{'start': 836, 'end': 854, 'label': 'LAW'}"
judg_2019_20,er_pm,10,section 337 of the,"{'start': 585, 'end': 603, 'label': 'LAW'}"
judg_2019_20,er_pm,10,section 337 of the,"{'start': 649, 'end': 667, 'label': 'LAW'}"
judg_2019_20,er_pm,11,"section 53, with","{'start': 1269, 'end': 1285, 'label': 'LAW'}"
judg_2019_20,er_pm,12,section 337 (1) of,"{'start': 25, 'end': 43, 'label': 'LAW'}"
judg_2019_20,er_pm,12,section 24 of the,"{'start': 177, 'end': 194, 'label': 'LAW'}"
judg_2019_20,er_pm,1, Corrupt Practices Act,"{'start': 179, 'end': 201, 'label': 'LAWNAME'}"
judg_2019_20,er_pm,1,CP&EC),"{'start': 361, 'end': 367, 'label': 'LAWNAME'}"
judg_2019_20,er_pm,2, Corrupt Practices Act,"{'start': 1531, 'end': 1553, 'label': 'LAWNAME'}"
judg_2019_20,er_pm,5, Corrupt Practices Act,"{'start': 425, 'end': 447, 'label': 'LAWNAME'}"
judg_2019_20,er_pm,5, CP& EC,"{'start': 547, 'end': 554, 'label': 'LAWNAME'}"
judg_2019_20,er_pm,5, CP&EC,"{'start': 926, 'end': 932, 'label': 'LAWNAME'}"
judg_2019_20,er_pm,9, CP&EC,"{'start': 854, 'end': 860, 'label': 'LAWNAME'}"
judg_2019_20,er_pm,10, CP&EC,"{'start': 667, 'end': 673, 'label': 'LAWNAME'}"
judg_2019_20,er_pm,12, CP&EC,"{'start': 47, 'end': 53, 'label': 'LAWNAME'}"
judg_2019_21,spacy,1,section 209,"{'start': 63, 'end': 74, 'label': 'LAW'}"
judg_2019_21,spacy,1,the Penal Code,"{'start': 78, 'end': 92, 'label': 'LAW'}"
judg_2019_21,spacy,1,section 254,"{'start': 252, 'end': 263, 'label': 'LAW'}"
judg_2019_21,spacy,2,The Practice Direction of Lord Parker,"{'start': 436, 'end': 473, 'label': 'LAW'}"
judg_2019_21,spacy,3,section 254,"{'start': 118, 'end': 129, 'label': 'LAW'}"
judg_2019_21,er_pm,1,section 209 of the,"{'start': 63, 'end': 81, 'label': 'LAW'}"
judg_2019_21,er_pm,1,section 254 (1) of,"{'start': 252, 'end': 270, 'label': 'LAW'}"
judg_2019_21,er_pm,3,section 254 (l) of,"{'start': 118, 'end': 136, 'label': 'LAW'}"
judg_2019_21,er_pm,3,sections 139 and 140 of,"{'start': 422, 'end': 445, 'label': 'LAW'}"
judg_2019_21,er_pm,1, Penal Code,"{'start': 81, 'end': 92, 'label': 'LAWNAME'}"
judg_2019_21,er_pm,1, Criminal Procedure and Evidence Code,"{'start': 274, 'end': 311, 'label': 'LAWNAME'}"
judg_2019_21,er_pm,3, Criminal Procedure and Evidence Code,"{'start': 140, 'end': 177, 'label': 'LAWNAME'}"
judg_2019_21,er_pm,3, Criminal Procedure and Evidence Code,"{'start': 449, 'end': 486, 'label': 'LAWNAME'}"
judg_2019_3,spacy,2,section 173,"{'start': 745, 'end': 756, 'label': 'LAW'}"
judg_2019_3,spacy,7,Section 42(2)(f)(iv,"{'start': 68, 'end': 87, 'label': 'LAW'}"
judg_2019_3,spacy,7,Constitution,"{'start': 101, 'end': 113, 'label': 'LAW'}"
judg_2019_3,spacy,12,section 184,"{'start': 26, 'end': 37, 'label': 'LAW'}"
judg_2019_3,spacy,14,section 173,"{'start': 384, 'end': 395, 'label': 'LAW'}"
judg_2019_3,spacy,15,section 175,"{'start': 131, 'end': 142, 'label': 'LAW'}"
judg_2019_3,spacy,29,section 91,"{'start': 138, 'end': 148, 'label': 'LAW'}"
judg_2019_3,spacy,30,section 175,"{'start': 349, 'end': 360, 'label': 'LAW'}"
judg_2019_3,er_pm,2,section 173 of the,"{'start': 745, 'end': 763, 'label': 'LAW'}"
judg_2019_3,er_pm,3,section 184 (a);,"{'start': 609, 'end': 625, 'label': 'LAW'}"
judg_2019_3,er_pm,7,Section 42(2)(f)(iv) of,"{'start': 68, 'end': 91, 'label': 'LAW'}"
judg_2019_3,er_pm,12,section 184 of the,"{'start': 26, 'end': 44, 'label': 'LAW'}"
judg_2019_3,er_pm,14,section 173 of the,"{'start': 384, 'end': 402, 'label': 'LAW'}"
judg_2019_3,er_pm,15,section 175 of the,"{'start': 131, 'end': 149, 'label': 'LAW'}"
judg_2019_3,er_pm,26,section to be,"{'start': 32, 'end': 45, 'label': 'LAW'}"
judg_2019_3,er_pm,29,section 91.,"{'start': 138, 'end': 149, 'label': 'LAW'}"
judg_2019_3,er_pm,30,section 175 (2)(d) of,"{'start': 349, 'end': 370, 'label': 'LAW'}"
judg_2019_3,er_pm,3, CP&EC,"{'start': 636, 'end': 642, 'label': 'LAWNAME'}"
judg_2019_3,er_pm,7, Republic of Malawi Constitution,"{'start': 34, 'end': 66, 'label': 'LAWNAME'}"
judg_2019_3,er_pm,12, CP&EC,"{'start': 44, 'end': 50, 'label': 'LAWNAME'}"
judg_2019_3,er_pm,14, CP&EC,"{'start': 402, 'end': 408, 'label': 'LAWNAME'}"
judg_2019_3,er_pm,15, CP&EC,"{'start': 149, 'end': 155, 'label': 'LAWNAME'}"
judg_2019_3,er_pm,30, CP&EC,"{'start': 374, 'end': 380, 'label': 'LAWNAME'}"
judg_2019_4,spacy,1,the Penal Code in the First Count,"{'start': 167, 'end': 200, 'label': 'LAW'}"
judg_2019_4,spacy,1,section 153,"{'start': 225, 'end': 236, 'label': 'LAW'}"
judg_2019_4,spacy,6,Section 180 of the Criminal Procedure and Evidence Code,"{'start': 466, 'end': 521, 'label': 'LAW'}"
judg_2019_4,spacy,11,section 175(5,"{'start': 18, 'end': 31, 'label': 'LAW'}"
judg_2019_4,spacy,12,section 180(3,"{'start': 259, 'end': 272, 'label': 'LAW'}"
judg_2019_4,er_pm,1,section 138 (l) of,"{'start': 148, 'end': 166, 'label': 'LAW'}"
judg_2019_4,er_pm,1,section 153 (c) in,"{'start': 225, 'end': 243, 'label': 'LAW'}"
judg_2019_4,er_pm,6,Section 180 of the,"{'start': 466, 'end': 484, 'label': 'LAW'}"
judg_2019_4,er_pm,8,section referred to as,"{'start': 434, 'end': 456, 'label': 'LAW'}"
judg_2019_4,er_pm,9,section. A,"{'start': 217, 'end': 227, 'label': 'LAW'}"
judg_2019_4,er_pm,11,section 175(5) shall,"{'start': 18, 'end': 38, 'label': 'LAW'}"
judg_2019_4,er_pm,12,section 180(3) .,"{'start': 259, 'end': 275, 'label': 'LAW'}"
judg_2019_4,er_pm,1, Penal Code,"{'start': 170, 'end': 181, 'label': 'LAWNAME'}"
judg_2019_4,er_pm,6, Criminal Procedure and Evidence Code,"{'start': 484, 'end': 521, 'label': 'LAWNAME'}"
judg_2019_4,er_pm,13, Criminal Procedure and Evidence Code,"{'start': 61, 'end': 98, 'label': 'LAWNAME'}"
judg_2019_4,er_pm,14, Criminal Procedure and Evidence Code,"{'start': 201, 'end': 238, 'label': 'LAWNAME'}"
judg_2019_4,er_pm,14, CP&EC,"{'start': 375, 'end': 381, 'label': 'LAWNAME'}"
judg_2019_5,spacy,3,the Penal Code,"{'start': 61, 'end': 75, 'label': 'LAW'}"
judg_2019_5,spacy,4,section 224B(l)(a,"{'start': 88, 'end': 105, 'label': 'LAW'}"
judg_2019_5,spacy,11,section 14(1,"{'start': 54, 'end': 66, 'label': 'LAW'}"
judg_2019_5,spacy,13,section 77,"{'start': 180, 'end': 190, 'label': 'LAW'}"
judg_2019_5,spacy,13,the 'Criminal Code',"{'start': 282, 'end': 301, 'label': 'LAW'}"
judg_2019_5,spacy,19,Section 303(5)(c,"{'start': 604, 'end': 620, 'label': 'LAW'}"
judg_2019_5,er_pm,3,section 209 of the,"{'start': 216, 'end': 234, 'label': 'LAW'}"
judg_2019_5,er_pm,4,section 224B(l)(a) of,"{'start': 88, 'end': 109, 'label': 'LAW'}"
judg_2019_5,er_pm,7,section 224B(l)(c) of,"{'start': 87, 'end': 108, 'label': 'LAW'}"
judg_2019_5,er_pm,8,section 224A(e)(ii) of,"{'start': 79, 'end': 101, 'label': 'LAW'}"
judg_2019_5,er_pm,9,section 224(a)(i) of,"{'start': 36, 'end': 56, 'label': 'LAW'}"
judg_2019_5,er_pm,10,section 224A(b)(ii) of,"{'start': 58, 'end': 80, 'label': 'LAW'}"
judg_2019_5,er_pm,11,section 14(1) of,"{'start': 54, 'end': 70, 'label': 'LAW'}"
judg_2019_5,er_pm,13,section 77 and 303 of,"{'start': 180, 'end': 201, 'label': 'LAW'}"
judg_2019_5,er_pm,14,section 303(5)(c) and,"{'start': 1078, 'end': 1099, 'label': 'LAW'}"
judg_2019_5,er_pm,19,Section 303(5)(c) and,"{'start': 604, 'end': 625, 'label': 'LAW'}"
judg_2019_5,er_pm,3, Penal Code,"{'start': 64, 'end': 75, 'label': 'LAWNAME'}"
judg_2019_5,er_pm,13, Criminal Procedure and Evidence Code,"{'start': 205, 'end': 242, 'label': 'LAWNAME'}"
judg_2019_5,er_pm,14, Criminal Procedure and Evidence Code,"{'start': 1110, 'end': 1147, 'label': 'LAWNAME'}"
judg_2019_6,spacy,3,the Courts Act,"{'start': 50, 'end': 64, 'label': 'LAW'}"
judg_2019_6,spacy,3,the Inherent Jurisdiction of the Court,"{'start': 75, 'end': 113, 'label': 'LAW'}"
judg_2019_6,spacy,3,section 360,"{'start': 135, 'end': 146, 'label': 'LAW'}"
judg_2019_6,spacy,3,section 360,"{'start': 308, 'end': 319, 'label': 'LAW'}"
judg_2019_6,spacy,3,the Code the High Court,"{'start': 323, 'end': 346, 'label': 'LAW'}"
judg_2019_6,spacy,4,section 25 of the Courts Act,"{'start': 605, 'end': 633, 'label': 'LAW'}"
judg_2019_6,spacy,5,section 42,"{'start': 29, 'end': 39, 'label': 'LAW'}"
judg_2019_6,spacy,5,Constitution,"{'start': 60, 'end': 72, 'label': 'LAW'}"
judg_2019_6,spacy,5,section 250,"{'start': 301, 'end': 312, 'label': 'LAW'}"
judg_2019_6,spacy,5,the Penal Code,"{'start': 987, 'end': 1001, 'label': 'LAW'}"
judg_2019_6,spacy,6,section 42,"{'start': 309, 'end': 319, 'label': 'LAW'}"
judg_2019_6,spacy,6,Constitution,"{'start': 340, 'end': 352, 'label': 'LAW'}"
judg_2019_6,er_pm,3,sections 25 and 26 of,"{'start': 28, 'end': 49, 'label': 'LAW'}"
judg_2019_6,er_pm,3,section 360 of the,"{'start': 135, 'end': 153, 'label': 'LAW'}"
judg_2019_6,er_pm,3,section 360 of the,"{'start': 308, 'end': 326, 'label': 'LAW'}"
judg_2019_6,er_pm,4,section 25 of the,"{'start': 605, 'end': 622, 'label': 'LAW'}"
judg_2019_6,er_pm,5,section 42 (2) (f),"{'start': 29, 'end': 47, 'label': 'LAW'}"
judg_2019_6,er_pm,5,section 250 (3) (b),"{'start': 301, 'end': 320, 'label': 'LAW'}"
judg_2019_6,er_pm,5,sections 153 to 157 of,"{'start': 801, 'end': 823, 'label': 'LAW'}"
judg_2019_6,er_pm,5,section 150 of the,"{'start': 972, 'end': 990, 'label': 'LAW'}"
judg_2019_6,er_pm,6,section 42 (2) (f),"{'start': 309, 'end': 327, 'label': 'LAW'}"
judg_2019_6,er_pm,3, Courts Act,"{'start': 53, 'end': 64, 'label': 'LAWNAME'}"
judg_2019_6,er_pm,3, Criminal Procedure and Evidence Code,"{'start': 153, 'end': 190, 'label': 'LAWNAME'}"
judg_2019_6,er_pm,3,CP&EC),"{'start': 192, 'end': 198, 'label': 'LAWNAME'}"
judg_2019_6,er_pm,4, Courts Act,"{'start': 622, 'end': 633, 'label': 'LAWNAME'}"
judg_2019_6,er_pm,5, Penal Code,"{'start': 990, 'end': 1001, 'label': 'LAWNAME'}"
judg_2019_7,spacy,1,section 42,"{'start': 55, 'end': 65, 'label': 'LAW'}"
judg_2019_7,spacy,1,Constitution,"{'start': 85, 'end': 97, 'label': 'LAW'}"
judg_2019_7,spacy,1,section 247 of the Criminal Procedure and Evidence Code,"{'start': 112, 'end': 167, 'label': 'LAW'}"
judg_2019_7,spacy,2,section 42,"{'start': 1039, 'end': 1049, 'label': 'LAW'}"
judg_2019_7,spacy,2,Constitution,"{'start': 1058, 'end': 1070, 'label': 'LAW'}"
judg_2019_7,spacy,2,section 83,"{'start': 1598, 'end': 1608, 'label': 'LAW'}"
judg_2019_7,spacy,4,section 247 of the Criminal Procedure and Evidence Code,"{'start': 979, 'end': 1034, 'label': 'LAW'}"
judg_2019_7,er_pm,1,section 42 (2) (f),"{'start': 55, 'end': 73, 'label': 'LAW'}"
judg_2019_7,er_pm,1,section 247 of the,"{'start': 112, 'end': 130, 'label': 'LAW'}"
judg_2019_7,er_pm,2,section 302A of,"{'start': 21, 'end': 36, 'label': 'LAW'}"
judg_2019_7,er_pm,2,section 42 (2) (f),"{'start': 1039, 'end': 1057, 'label': 'LAW'}"
judg_2019_7,er_pm,2,section 247 of the,"{'start': 1503, 'end': 1521, 'label': 'LAW'}"
judg_2019_7,er_pm,2,"section 83 and,","{'start': 1598, 'end': 1613, 'label': 'LAW'}"
judg_2019_7,er_pm,4,section 247 of the,"{'start': 979, 'end': 997, 'label': 'LAW'}"
judg_2019_7,er_pm,1, Criminal Procedure and Evidence Code,"{'start': 130, 'end': 167, 'label': 'LAWNAME'}"
judg_2019_7,er_pm,2, Criminal Procedure and Evidence Code,"{'start': 40, 'end': 77, 'label': 'LAWNAME'}"
judg_2019_7,er_pm,4, Criminal Procedure and Evidence Code,"{'start': 997, 'end': 1034, 'label': 'LAWNAME'}"
judg_2019_8,spacy,1,section 118 of the Criminal Procedure & Evidence Code,"{'start': 92, 'end': 145, 'label': 'LAW'}"
judg_2019_8,spacy,1,section 42(2)(e,"{'start': 192, 'end': 207, 'label': 'LAW'}"
judg_2019_8,spacy,4,Constitution,"{'start': 62, 'end': 74, 'label': 'LAW'}"
judg_2019_8,spacy,4,Section 42,"{'start': 113, 'end': 123, 'label': 'LAW'}"
judg_2019_8,spacy,4,Constitution,"{'start': 138, 'end': 150, 'label': 'LAW'}"
judg_2019_8,spacy,9,section 42(2)(e,"{'start': 49, 'end': 64, 'label': 'LAW'}"
judg_2019_8,spacy,9,Constitution,"{'start': 73, 'end': 85, 'label': 'LAW'}"
judg_2019_8,spacy,9,section 42(2)(e,"{'start': 262, 'end': 277, 'label': 'LAW'}"
judg_2019_8,spacy,11,Section 4 of,"{'start': 294, 'end': 306, 'label': 'LAW'}"
judg_2019_8,spacy,11,Guidelines) Act,"{'start': 317, 'end': 332, 'label': 'LAW'}"
judg_2019_8,spacy,14,section 161 G of the Criminal Procedure & Evidence,"{'start': 661, 'end': 711, 'label': 'LAW'}"
judg_2019_8,er_pm,1,section 118 of the,"{'start': 92, 'end': 110, 'label': 'LAW'}"
judg_2019_8,er_pm,1,section 42(2)(e) of,"{'start': 192, 'end': 211, 'label': 'LAW'}"
judg_2019_8,er_pm,4,Section 42 (2)(e) of,"{'start': 113, 'end': 133, 'label': 'LAW'}"
judg_2019_8,er_pm,9,section 42(2)(e) of,"{'start': 49, 'end': 68, 'label': 'LAW'}"
judg_2019_8,er_pm,9,section 42(2)(e) now,"{'start': 262, 'end': 282, 'label': 'LAW'}"
judg_2019_8,er_pm,9,section still reserves,"{'start': 340, 'end': 362, 'label': 'LAW'}"
judg_2019_8,er_pm,11,Section 4 of the,"{'start': 294, 'end': 310, 'label': 'LAW'}"
judg_2019_8,er_pm,14,section 161 G of,"{'start': 661, 'end': 677, 'label': 'LAW'}"
judg_2019_8,er_pm,1, Republic of Malawi constitution,"{'start': 215, 'end': 247, 'label': 'LAWNAME'}"
judg_2019_9,spacy,1,section 208,"{'start': 152, 'end': 163, 'label': 'LAW'}"
judg_2019_9,spacy,5,section 208,"{'start': 39, 'end': 50, 'label': 'LAW'}"
judg_2019_9,spacy,5,the Penal Code,"{'start': 54, 'end': 68, 'label': 'LAW'}"
judg_2019_9,spacy,7,the Penal Code,"{'start': 65, 'end': 79, 'label': 'LAW'}"
judg_2019_9,er_pm,1,section 208 of the,"{'start': 152, 'end': 170, 'label': 'LAW'}"
judg_2019_9,er_pm,5,section 208 of the,"{'start': 39, 'end': 57, 'label': 'LAW'}"
judg_2019_9,er_pm,7,section 21 1 of,"{'start': 49, 'end': 64, 'label': 'LAW'}"
judg_2019_9,er_pm,1, Penal Code,"{'start': 170, 'end': 181, 'label': 'LAWNAME'}"
judg_2019_9,er_pm,5, Penal Code,"{'start': 57, 'end': 68, 'label': 'LAWNAME'}"
judg_2019_9,er_pm,7, Penal Code,"{'start': 68, 'end': 79, 'label': 'LAWNAME'}"
judg_2019_9,er_pm,11, reserved,"{'start': 57, 'end': 66, 'label': 'LAWNAME'}"
